filepath,label
thermal_vision_workspace\cleaned\Circuit Breakers\Circuit Breakers_0000.jpg,Circuit Breakers
thermal_vision_workspace\cleaned\Circuit Breakers\Circuit Breakers_0001.jpg,Circuit Breakers
thermal_vision_workspace\cleaned\Circuit Breakers\Circuit Breakers_0002.jpg,Circuit Breakers
thermal_vision_workspace\cleaned\Circuit Breakers\Circuit Breakers_0003.jpg,Circuit Breakers
thermal_vision_workspace\cleaned\Circuit Breakers\Circuit Breakers_0004.jpg,Circuit Breakers
thermal_vision_workspace\cleaned\Circuit Breakers\Circuit Breakers_0005.jpg,Circuit Breakers
thermal_vision_workspace\cleaned\Circuit Breakers\Circuit Breakers_0006.jpg,Circuit Breakers
thermal_vision_workspace\cleaned\Circuit Breakers\Circuit Breakers_0007.jpg,Circuit Breakers
thermal_vision_workspace\cleaned\Circuit Breakers\Circuit Breakers_0008.jpg,Circuit Breakers
thermal_vision_workspace\cleaned\Circuit Breakers\Circuit Breakers_0009.jpg,Circuit Breakers
thermal_vision_workspace\cleaned\Circuit Breakers\Circuit Breakers_0010.jpg,Circuit Breakers
thermal_vision_workspace\cleaned\Circuit Breakers\Circuit Breakers_0011.jpg,Circuit Breakers
thermal_vision_workspace\cleaned\Circuit Breakers\Circuit Breakers_0012.jpg,Circuit Breakers
thermal_vision_workspace\cleaned\Circuit Breakers\Circuit Breakers_0013.jpg,Circuit Breakers
thermal_vision_workspace\cleaned\Circuit Breakers\Circuit Breakers_0014.jpg,Circuit Breakers
thermal_vision_workspace\cleaned\Circuit Breakers\Circuit Breakers_0015.jpg,Circuit Breakers
thermal_vision_workspace\cleaned\Circuit Breakers\Circuit Breakers_0016.jpg,Circuit Breakers
thermal_vision_workspace\cleaned\Circuit Breakers\Circuit Breakers_0017.jpg,Circuit Breakers
thermal_vision_workspace\cleaned\Circuit Breakers\Circuit Breakers_0018.jpg,Circuit Breakers
thermal_vision_workspace\cleaned\Circuit Breakers\Circuit Breakers_0019.jpg,Circuit Breakers
thermal_vision_workspace\cleaned\Circuit Breakers\Circuit Breakers_0020.jpg,Circuit Breakers
thermal_vision_workspace\cleaned\Circuit Breakers\Circuit Breakers_0021.jpg,Circuit Breakers
thermal_vision_workspace\cleaned\Circuit Breakers\Circuit Breakers_0022.jpg,Circuit Breakers
thermal_vision_workspace\cleaned\Circuit Breakers\Circuit Breakers_0023.jpg,Circuit Breakers
thermal_vision_workspace\cleaned\Circuit Breakers\Circuit Breakers_0024.jpg,Circuit Breakers
thermal_vision_workspace\cleaned\Circuit Breakers\Circuit Breakers_0025.jpg,Circuit Breakers
thermal_vision_workspace\cleaned\Circuit Breakers\Circuit Breakers_0026.jpg,Circuit Breakers
thermal_vision_workspace\cleaned\Circuit Breakers\Circuit Breakers_0027.jpg,Circuit Breakers
thermal_vision_workspace\cleaned\Circuit Breakers\Circuit Breakers_0028.jpg,Circuit Breakers
thermal_vision_workspace\cleaned\Circuit Breakers\Circuit Breakers_0029.jpg,Circuit Breakers
thermal_vision_workspace\cleaned\Circuit Breakers\Circuit Breakers_0030.jpg,Circuit Breakers
thermal_vision_workspace\cleaned\Circuit Breakers\Circuit Breakers_0031.jpg,Circuit Breakers
thermal_vision_workspace\cleaned\Circuit Breakers\Circuit Breakers_0032.jpg,Circuit Breakers
thermal_vision_workspace\cleaned\Circuit Breakers\Circuit Breakers_0033.jpg,Circuit Breakers
thermal_vision_workspace\cleaned\Circuit Breakers\Circuit Breakers_0034.jpg,Circuit Breakers
thermal_vision_workspace\cleaned\Circuit Breakers\Circuit Breakers_0035.jpg,Circuit Breakers
thermal_vision_workspace\cleaned\Circuit Breakers\Circuit Breakers_0036.jpg,Circuit Breakers
thermal_vision_workspace\cleaned\Circuit Breakers\Circuit Breakers_0037.jpg,Circuit Breakers
thermal_vision_workspace\cleaned\Circuit Breakers\Circuit Breakers_0038.jpg,Circuit Breakers
thermal_vision_workspace\cleaned\Circuit Breakers\Circuit Breakers_0039.jpg,Circuit Breakers
thermal_vision_workspace\cleaned\Circuit Breakers\Circuit Breakers_0040.jpg,Circuit Breakers
thermal_vision_workspace\cleaned\Circuit Breakers\Circuit Breakers_0041.jpg,Circuit Breakers
thermal_vision_workspace\cleaned\Circuit Breakers\Circuit Breakers_0042.jpg,Circuit Breakers
thermal_vision_workspace\cleaned\Circuit Breakers\Circuit Breakers_0043.jpg,Circuit Breakers
thermal_vision_workspace\cleaned\Circuit Breakers\Circuit Breakers_0044.jpg,Circuit Breakers
thermal_vision_workspace\cleaned\Circuit Breakers\Circuit Breakers_0045.jpg,Circuit Breakers
thermal_vision_workspace\cleaned\Circuit Breakers\Circuit Breakers_0046.jpg,Circuit Breakers
thermal_vision_workspace\cleaned\Circuit Breakers\Circuit Breakers_0047.jpg,Circuit Breakers
thermal_vision_workspace\cleaned\Circuit Breakers\Circuit Breakers_0048.jpg,Circuit Breakers
thermal_vision_workspace\cleaned\Circuit Breakers\Circuit Breakers_0049.jpg,Circuit Breakers
thermal_vision_workspace\cleaned\Circuit Breakers\Circuit Breakers_0050.jpg,Circuit Breakers
thermal_vision_workspace\cleaned\Circuit Breakers\Circuit Breakers_0051.jpg,Circuit Breakers
thermal_vision_workspace\cleaned\Circuit Breakers\Circuit Breakers_0052.jpg,Circuit Breakers
thermal_vision_workspace\cleaned\Circuit Breakers\Circuit Breakers_0053.jpg,Circuit Breakers
thermal_vision_workspace\cleaned\Circuit Breakers\Circuit Breakers_0054.jpg,Circuit Breakers
thermal_vision_workspace\cleaned\Circuit Breakers\Circuit Breakers_0055.jpg,Circuit Breakers
thermal_vision_workspace\cleaned\Circuit Breakers\Circuit Breakers_0056.jpg,Circuit Breakers
thermal_vision_workspace\cleaned\Circuit Breakers\Circuit Breakers_0057.jpg,Circuit Breakers
thermal_vision_workspace\cleaned\Circuit Breakers\Circuit Breakers_0058.jpg,Circuit Breakers
thermal_vision_workspace\cleaned\Circuit Breakers\Circuit Breakers_0059.jpg,Circuit Breakers
thermal_vision_workspace\cleaned\Circuit Breakers\Circuit Breakers_0060.jpg,Circuit Breakers
thermal_vision_workspace\cleaned\Circuit Breakers\Circuit Breakers_0061.jpg,Circuit Breakers
thermal_vision_workspace\cleaned\Circuit Breakers\Circuit Breakers_0062.jpg,Circuit Breakers
thermal_vision_workspace\cleaned\Circuit Breakers\Circuit Breakers_0063.jpg,Circuit Breakers
thermal_vision_workspace\cleaned\Circuit Breakers\Circuit Breakers_0064.jpg,Circuit Breakers
thermal_vision_workspace\cleaned\Circuit Breakers\Circuit Breakers_0065.jpg,Circuit Breakers
thermal_vision_workspace\cleaned\Circuit Breakers\Circuit Breakers_0066.jpg,Circuit Breakers
thermal_vision_workspace\cleaned\Circuit Breakers\Circuit Breakers_0067.jpg,Circuit Breakers
thermal_vision_workspace\cleaned\Circuit Breakers\Circuit Breakers_0068.jpg,Circuit Breakers
thermal_vision_workspace\cleaned\Circuit Breakers\Circuit Breakers_0069.jpg,Circuit Breakers
thermal_vision_workspace\cleaned\Circuit Breakers\Circuit Breakers_0070.jpg,Circuit Breakers
thermal_vision_workspace\cleaned\Circuit Breakers\Circuit Breakers_0071.jpg,Circuit Breakers
thermal_vision_workspace\cleaned\Circuit Breakers\Circuit Breakers_0072.jpg,Circuit Breakers
thermal_vision_workspace\cleaned\Circuit Breakers\Circuit Breakers_0073.jpg,Circuit Breakers
thermal_vision_workspace\cleaned\Circuit Breakers\Circuit Breakers_0074.jpg,Circuit Breakers
thermal_vision_workspace\cleaned\Circuit Breakers\Circuit Breakers_0075.jpg,Circuit Breakers
thermal_vision_workspace\cleaned\Circuit Breakers\Circuit Breakers_0076.jpg,Circuit Breakers
thermal_vision_workspace\cleaned\Circuit Breakers\Circuit Breakers_0077.jpg,Circuit Breakers
thermal_vision_workspace\cleaned\Circuit Breakers\Circuit Breakers_0078.jpg,Circuit Breakers
thermal_vision_workspace\cleaned\Circuit Breakers\Circuit Breakers_0079.jpg,Circuit Breakers
thermal_vision_workspace\cleaned\Circuit Breakers\Circuit Breakers_0080.jpg,Circuit Breakers
thermal_vision_workspace\cleaned\Circuit Breakers\Circuit Breakers_0081.jpg,Circuit Breakers
thermal_vision_workspace\cleaned\Circuit Breakers\Circuit Breakers_0082.jpg,Circuit Breakers
thermal_vision_workspace\cleaned\Circuit Breakers\Circuit Breakers_0083.jpg,Circuit Breakers
thermal_vision_workspace\cleaned\Circuit Breakers\Circuit Breakers_0084.jpg,Circuit Breakers
thermal_vision_workspace\cleaned\Circuit Breakers\Circuit Breakers_0085.jpg,Circuit Breakers
thermal_vision_workspace\cleaned\Circuit Breakers\Circuit Breakers_0086.jpg,Circuit Breakers
thermal_vision_workspace\cleaned\Circuit Breakers\Circuit Breakers_0087.jpg,Circuit Breakers
thermal_vision_workspace\cleaned\Circuit Breakers\Circuit Breakers_0088.jpg,Circuit Breakers
thermal_vision_workspace\cleaned\Circuit Breakers\Circuit Breakers_0089.jpg,Circuit Breakers
thermal_vision_workspace\cleaned\Circuit Breakers\Circuit Breakers_0090.jpg,Circuit Breakers
thermal_vision_workspace\cleaned\Circuit Breakers\Circuit Breakers_0091.jpg,Circuit Breakers
thermal_vision_workspace\cleaned\Circuit Breakers\Circuit Breakers_0092.jpg,Circuit Breakers
thermal_vision_workspace\cleaned\Circuit Breakers\Circuit Breakers_0093.jpg,Circuit Breakers
thermal_vision_workspace\cleaned\Circuit Breakers\Circuit Breakers_0094.jpg,Circuit Breakers
thermal_vision_workspace\cleaned\Circuit Breakers\Circuit Breakers_0095.jpg,Circuit Breakers
thermal_vision_workspace\cleaned\Circuit Breakers\Circuit Breakers_0096.jpg,Circuit Breakers
thermal_vision_workspace\cleaned\Circuit Breakers\Circuit Breakers_0097.jpg,Circuit Breakers
thermal_vision_workspace\cleaned\Circuit Breakers\Circuit Breakers_0098.jpg,Circuit Breakers
thermal_vision_workspace\cleaned\Circuit Breakers\Circuit Breakers_0099.jpg,Circuit Breakers
thermal_vision_workspace\cleaned\Circuit Breakers\Circuit Breakers_0100.jpg,Circuit Breakers
thermal_vision_workspace\cleaned\Circuit Breakers\Circuit Breakers_0101.jpg,Circuit Breakers
thermal_vision_workspace\cleaned\Circuit Breakers\Circuit Breakers_0102.jpg,Circuit Breakers
thermal_vision_workspace\cleaned\Circuit Breakers\Circuit Breakers_0103.jpg,Circuit Breakers
thermal_vision_workspace\cleaned\Circuit Breakers\Circuit Breakers_0104.jpg,Circuit Breakers
thermal_vision_workspace\cleaned\Circuit Breakers\Circuit Breakers_0105.jpg,Circuit Breakers
thermal_vision_workspace\cleaned\Circuit Breakers\Circuit Breakers_0106.jpg,Circuit Breakers
thermal_vision_workspace\cleaned\Circuit Breakers\Circuit Breakers_0107.jpg,Circuit Breakers
thermal_vision_workspace\cleaned\Circuit Breakers\Circuit Breakers_0108.jpg,Circuit Breakers
thermal_vision_workspace\cleaned\Circuit Breakers\Circuit Breakers_0109.jpg,Circuit Breakers
thermal_vision_workspace\cleaned\Circuit Breakers\Circuit Breakers_0110.jpg,Circuit Breakers
thermal_vision_workspace\cleaned\Circuit Breakers\Circuit Breakers_0111.jpg,Circuit Breakers
thermal_vision_workspace\cleaned\Circuit Breakers\Circuit Breakers_0112.jpg,Circuit Breakers
thermal_vision_workspace\cleaned\Circuit Breakers\Circuit Breakers_0113.jpg,Circuit Breakers
thermal_vision_workspace\cleaned\Circuit Breakers\Circuit Breakers_0114.jpg,Circuit Breakers
thermal_vision_workspace\cleaned\Circuit Breakers\Circuit Breakers_0115.jpg,Circuit Breakers
thermal_vision_workspace\cleaned\Circuit Breakers\Circuit Breakers_0116.jpg,Circuit Breakers
thermal_vision_workspace\cleaned\Circuit Breakers\Circuit Breakers_0117.jpg,Circuit Breakers
thermal_vision_workspace\cleaned\Circuit Breakers\Circuit Breakers_0118.jpg,Circuit Breakers
thermal_vision_workspace\cleaned\Circuit Breakers\Circuit Breakers_0119.jpg,Circuit Breakers
thermal_vision_workspace\cleaned\Circuit Breakers\Circuit Breakers_0120.jpg,Circuit Breakers
thermal_vision_workspace\cleaned\Circuit Breakers\Circuit Breakers_0121.jpg,Circuit Breakers
thermal_vision_workspace\cleaned\Circuit Breakers\Circuit Breakers_0122.jpg,Circuit Breakers
thermal_vision_workspace\cleaned\Circuit Breakers\Circuit Breakers_0123.jpg,Circuit Breakers
thermal_vision_workspace\cleaned\Circuit Breakers\Circuit Breakers_0124.jpg,Circuit Breakers
thermal_vision_workspace\cleaned\Circuit Breakers\Circuit Breakers_0125.jpg,Circuit Breakers
thermal_vision_workspace\cleaned\Circuit Breakers\Circuit Breakers_0126.jpg,Circuit Breakers
thermal_vision_workspace\cleaned\Circuit Breakers\Circuit Breakers_0127.jpg,Circuit Breakers
thermal_vision_workspace\cleaned\Circuit Breakers\Circuit Breakers_0128.jpg,Circuit Breakers
thermal_vision_workspace\cleaned\Circuit Breakers\Circuit Breakers_0129.jpg,Circuit Breakers
thermal_vision_workspace\cleaned\Circuit Breakers\Circuit Breakers_0130.jpg,Circuit Breakers
thermal_vision_workspace\cleaned\Circuit Breakers\Circuit Breakers_0131.jpg,Circuit Breakers
thermal_vision_workspace\cleaned\Circuit Breakers\Circuit Breakers_0132.jpg,Circuit Breakers
thermal_vision_workspace\cleaned\Circuit Breakers\Circuit Breakers_0133.jpg,Circuit Breakers
thermal_vision_workspace\cleaned\Circuit Breakers\Circuit Breakers_0134.jpg,Circuit Breakers
thermal_vision_workspace\cleaned\Circuit Breakers\Circuit Breakers_0135.jpg,Circuit Breakers
thermal_vision_workspace\cleaned\Circuit Breakers\Circuit Breakers_0136.jpg,Circuit Breakers
thermal_vision_workspace\cleaned\Circuit Breakers\Circuit Breakers_0137.jpg,Circuit Breakers
thermal_vision_workspace\cleaned\Circuit Breakers\Circuit Breakers_0138.jpg,Circuit Breakers
thermal_vision_workspace\cleaned\Circuit Breakers\Circuit Breakers_0139.jpg,Circuit Breakers
thermal_vision_workspace\cleaned\Circuit Breakers\Circuit Breakers_0140.jpg,Circuit Breakers
thermal_vision_workspace\cleaned\Circuit Breakers\Circuit Breakers_0141.jpg,Circuit Breakers
thermal_vision_workspace\cleaned\Circuit Breakers\Circuit Breakers_0142.jpg,Circuit Breakers
thermal_vision_workspace\cleaned\Circuit Breakers\Circuit Breakers_0143.jpg,Circuit Breakers
thermal_vision_workspace\cleaned\Circuit Breakers\Circuit Breakers_0144.jpg,Circuit Breakers
thermal_vision_workspace\cleaned\Circuit Breakers\Circuit Breakers_0145.jpg,Circuit Breakers
thermal_vision_workspace\cleaned\Circuit Breakers\Circuit Breakers_0146.jpg,Circuit Breakers
thermal_vision_workspace\cleaned\Circuit Breakers\Circuit Breakers_0147.jpg,Circuit Breakers
thermal_vision_workspace\cleaned\Circuit Breakers\Circuit Breakers_0148.jpg,Circuit Breakers
thermal_vision_workspace\cleaned\Circuit Breakers\Circuit Breakers_0149.jpg,Circuit Breakers
thermal_vision_workspace\cleaned\Circuit Breakers\Circuit Breakers_0150.jpg,Circuit Breakers
thermal_vision_workspace\cleaned\Circuit Breakers\Circuit Breakers_0151.jpg,Circuit Breakers
thermal_vision_workspace\cleaned\Circuit Breakers\Circuit Breakers_0152.jpg,Circuit Breakers
thermal_vision_workspace\cleaned\Circuit Breakers\Circuit Breakers_0153.jpg,Circuit Breakers
thermal_vision_workspace\cleaned\Circuit Breakers\Circuit Breakers_0154.jpg,Circuit Breakers
thermal_vision_workspace\cleaned\Circuit Breakers\Circuit Breakers_0155.jpg,Circuit Breakers
thermal_vision_workspace\cleaned\Circuit Breakers\Circuit Breakers_0156.jpg,Circuit Breakers
thermal_vision_workspace\cleaned\Circuit Breakers\Circuit Breakers_0157.jpg,Circuit Breakers
thermal_vision_workspace\cleaned\Circuit Breakers\Circuit Breakers_0158.jpg,Circuit Breakers
thermal_vision_workspace\cleaned\Circuit Breakers\Circuit Breakers_0159.jpg,Circuit Breakers
thermal_vision_workspace\cleaned\Circuit Breakers\Circuit Breakers_0160.jpg,Circuit Breakers
thermal_vision_workspace\cleaned\Circuit Breakers\Circuit Breakers_0161.jpg,Circuit Breakers
thermal_vision_workspace\cleaned\Circuit Breakers\Circuit Breakers_0162.jpg,Circuit Breakers
thermal_vision_workspace\cleaned\Circuit Breakers\Circuit Breakers_0163.jpg,Circuit Breakers
thermal_vision_workspace\cleaned\Circuit Breakers\Circuit Breakers_0164.jpg,Circuit Breakers
thermal_vision_workspace\cleaned\Circuit Breakers\Circuit Breakers_0165.jpg,Circuit Breakers
thermal_vision_workspace\cleaned\Circuit Breakers\Circuit Breakers_0166.jpg,Circuit Breakers
thermal_vision_workspace\cleaned\Circuit Breakers\Circuit Breakers_0167.jpg,Circuit Breakers
thermal_vision_workspace\cleaned\Circuit Breakers\Circuit Breakers_0168.jpg,Circuit Breakers
thermal_vision_workspace\cleaned\Circuit Breakers\Circuit Breakers_0169.jpg,Circuit Breakers
thermal_vision_workspace\cleaned\Circuit Breakers\Circuit Breakers_0170.jpg,Circuit Breakers
thermal_vision_workspace\cleaned\Circuit Breakers\Circuit Breakers_0171.jpg,Circuit Breakers
thermal_vision_workspace\cleaned\Circuit Breakers\Circuit Breakers_0172.jpg,Circuit Breakers
thermal_vision_workspace\cleaned\Circuit Breakers\Circuit Breakers_0173.jpg,Circuit Breakers
thermal_vision_workspace\cleaned\Circuit Breakers\Circuit Breakers_0174.jpg,Circuit Breakers
thermal_vision_workspace\cleaned\Circuit Breakers\Circuit Breakers_0175.jpg,Circuit Breakers
thermal_vision_workspace\cleaned\Circuit Breakers\Circuit Breakers_0176.jpg,Circuit Breakers
thermal_vision_workspace\cleaned\Circuit Breakers\Circuit Breakers_0177.jpg,Circuit Breakers
thermal_vision_workspace\cleaned\Circuit Breakers\Circuit Breakers_0178.jpg,Circuit Breakers
thermal_vision_workspace\cleaned\Circuit Breakers\Circuit Breakers_0179.jpg,Circuit Breakers
thermal_vision_workspace\cleaned\Circuit Breakers\Circuit Breakers_0180.jpg,Circuit Breakers
thermal_vision_workspace\cleaned\Circuit Breakers\Circuit Breakers_0181.jpg,Circuit Breakers
thermal_vision_workspace\cleaned\Circuit Breakers\Circuit Breakers_0182.jpg,Circuit Breakers
thermal_vision_workspace\cleaned\Circuit Breakers\Circuit Breakers_0183.jpg,Circuit Breakers
thermal_vision_workspace\cleaned\Circuit Breakers\Circuit Breakers_0184.jpg,Circuit Breakers
thermal_vision_workspace\cleaned\Circuit Breakers\Circuit Breakers_0185.jpg,Circuit Breakers
thermal_vision_workspace\cleaned\Circuit Breakers\Circuit Breakers_0186.jpg,Circuit Breakers
thermal_vision_workspace\cleaned\Circuit Breakers\Circuit Breakers_0187.jpg,Circuit Breakers
thermal_vision_workspace\cleaned\Circuit Breakers\Circuit Breakers_0188.jpg,Circuit Breakers
thermal_vision_workspace\cleaned\Circuit Breakers\Circuit Breakers_0189.jpg,Circuit Breakers
thermal_vision_workspace\cleaned\Circuit Breakers\Circuit Breakers_0190.jpg,Circuit Breakers
thermal_vision_workspace\cleaned\Circuit Breakers\Circuit Breakers_0191.jpg,Circuit Breakers
thermal_vision_workspace\cleaned\Circuit Breakers\Circuit Breakers_0192.jpg,Circuit Breakers
thermal_vision_workspace\cleaned\Circuit Breakers\Circuit Breakers_0193.jpg,Circuit Breakers
thermal_vision_workspace\cleaned\Circuit Breakers\Circuit Breakers_0194.jpg,Circuit Breakers
thermal_vision_workspace\cleaned\Circuit Breakers\Circuit Breakers_0195.jpg,Circuit Breakers
thermal_vision_workspace\cleaned\Circuit Breakers\Circuit Breakers_0196.jpg,Circuit Breakers
thermal_vision_workspace\cleaned\Circuit Breakers\Circuit Breakers_0197.jpg,Circuit Breakers
thermal_vision_workspace\cleaned\Circuit Breakers\Circuit Breakers_0198.jpg,Circuit Breakers
thermal_vision_workspace\cleaned\Circuit Breakers\Circuit Breakers_0199.jpg,Circuit Breakers
thermal_vision_workspace\cleaned\Circuit Breakers\Circuit Breakers_0200.jpg,Circuit Breakers
thermal_vision_workspace\cleaned\Circuit Breakers\Circuit Breakers_0201.jpg,Circuit Breakers
thermal_vision_workspace\cleaned\Circuit Breakers\Circuit Breakers_0202.jpg,Circuit Breakers
thermal_vision_workspace\cleaned\Disconnectors\Disconnectors_0000.jpg,Disconnectors
thermal_vision_workspace\cleaned\Disconnectors\Disconnectors_0001.jpg,Disconnectors
thermal_vision_workspace\cleaned\Disconnectors\Disconnectors_0002.jpg,Disconnectors
thermal_vision_workspace\cleaned\Disconnectors\Disconnectors_0003.jpg,Disconnectors
thermal_vision_workspace\cleaned\Disconnectors\Disconnectors_0004.jpg,Disconnectors
thermal_vision_workspace\cleaned\Disconnectors\Disconnectors_0005.jpg,Disconnectors
thermal_vision_workspace\cleaned\Disconnectors\Disconnectors_0006.jpg,Disconnectors
thermal_vision_workspace\cleaned\Disconnectors\Disconnectors_0007.jpg,Disconnectors
thermal_vision_workspace\cleaned\Disconnectors\Disconnectors_0008.jpg,Disconnectors
thermal_vision_workspace\cleaned\Disconnectors\Disconnectors_0009.jpg,Disconnectors
thermal_vision_workspace\cleaned\Disconnectors\Disconnectors_0010.jpg,Disconnectors
thermal_vision_workspace\cleaned\Disconnectors\Disconnectors_0011.jpg,Disconnectors
thermal_vision_workspace\cleaned\Disconnectors\Disconnectors_0012.jpg,Disconnectors
thermal_vision_workspace\cleaned\Disconnectors\Disconnectors_0013.jpg,Disconnectors
thermal_vision_workspace\cleaned\Disconnectors\Disconnectors_0014.jpg,Disconnectors
thermal_vision_workspace\cleaned\Disconnectors\Disconnectors_0015.jpg,Disconnectors
thermal_vision_workspace\cleaned\Disconnectors\Disconnectors_0016.jpg,Disconnectors
thermal_vision_workspace\cleaned\Disconnectors\Disconnectors_0017.jpg,Disconnectors
thermal_vision_workspace\cleaned\Disconnectors\Disconnectors_0018.jpg,Disconnectors
thermal_vision_workspace\cleaned\Disconnectors\Disconnectors_0019.jpg,Disconnectors
thermal_vision_workspace\cleaned\Disconnectors\Disconnectors_0020.jpg,Disconnectors
thermal_vision_workspace\cleaned\Disconnectors\Disconnectors_0021.jpg,Disconnectors
thermal_vision_workspace\cleaned\Disconnectors\Disconnectors_0022.jpg,Disconnectors
thermal_vision_workspace\cleaned\Disconnectors\Disconnectors_0023.jpg,Disconnectors
thermal_vision_workspace\cleaned\Disconnectors\Disconnectors_0024.jpg,Disconnectors
thermal_vision_workspace\cleaned\Disconnectors\Disconnectors_0025.jpg,Disconnectors
thermal_vision_workspace\cleaned\Disconnectors\Disconnectors_0026.jpg,Disconnectors
thermal_vision_workspace\cleaned\Disconnectors\Disconnectors_0027.jpg,Disconnectors
thermal_vision_workspace\cleaned\Disconnectors\Disconnectors_0028.jpg,Disconnectors
thermal_vision_workspace\cleaned\Disconnectors\Disconnectors_0029.jpg,Disconnectors
thermal_vision_workspace\cleaned\Disconnectors\Disconnectors_0030.jpg,Disconnectors
thermal_vision_workspace\cleaned\Disconnectors\Disconnectors_0031.jpg,Disconnectors
thermal_vision_workspace\cleaned\Disconnectors\Disconnectors_0032.jpg,Disconnectors
thermal_vision_workspace\cleaned\Disconnectors\Disconnectors_0033.jpg,Disconnectors
thermal_vision_workspace\cleaned\Disconnectors\Disconnectors_0034.jpg,Disconnectors
thermal_vision_workspace\cleaned\Disconnectors\Disconnectors_0035.jpg,Disconnectors
thermal_vision_workspace\cleaned\Disconnectors\Disconnectors_0036.jpg,Disconnectors
thermal_vision_workspace\cleaned\Disconnectors\Disconnectors_0037.jpg,Disconnectors
thermal_vision_workspace\cleaned\Disconnectors\Disconnectors_0038.jpg,Disconnectors
thermal_vision_workspace\cleaned\Disconnectors\Disconnectors_0039.jpg,Disconnectors
thermal_vision_workspace\cleaned\Disconnectors\Disconnectors_0040.jpg,Disconnectors
thermal_vision_workspace\cleaned\Disconnectors\Disconnectors_0041.jpg,Disconnectors
thermal_vision_workspace\cleaned\Disconnectors\Disconnectors_0042.jpg,Disconnectors
thermal_vision_workspace\cleaned\Disconnectors\Disconnectors_0043.jpg,Disconnectors
thermal_vision_workspace\cleaned\Disconnectors\Disconnectors_0044.jpg,Disconnectors
thermal_vision_workspace\cleaned\Disconnectors\Disconnectors_0045.jpg,Disconnectors
thermal_vision_workspace\cleaned\Disconnectors\Disconnectors_0046.jpg,Disconnectors
thermal_vision_workspace\cleaned\Disconnectors\Disconnectors_0047.jpg,Disconnectors
thermal_vision_workspace\cleaned\Disconnectors\Disconnectors_0048.jpg,Disconnectors
thermal_vision_workspace\cleaned\Disconnectors\Disconnectors_0049.jpg,Disconnectors
thermal_vision_workspace\cleaned\Disconnectors\Disconnectors_0050.jpg,Disconnectors
thermal_vision_workspace\cleaned\Disconnectors\Disconnectors_0051.jpg,Disconnectors
thermal_vision_workspace\cleaned\Disconnectors\Disconnectors_0052.jpg,Disconnectors
thermal_vision_workspace\cleaned\Disconnectors\Disconnectors_0053.jpg,Disconnectors
thermal_vision_workspace\cleaned\Disconnectors\Disconnectors_0054.jpg,Disconnectors
thermal_vision_workspace\cleaned\Disconnectors\Disconnectors_0055.jpg,Disconnectors
thermal_vision_workspace\cleaned\Disconnectors\Disconnectors_0056.jpg,Disconnectors
thermal_vision_workspace\cleaned\Disconnectors\Disconnectors_0057.jpg,Disconnectors
thermal_vision_workspace\cleaned\Disconnectors\Disconnectors_0058.jpg,Disconnectors
thermal_vision_workspace\cleaned\Disconnectors\Disconnectors_0059.jpg,Disconnectors
thermal_vision_workspace\cleaned\Disconnectors\Disconnectors_0060.jpg,Disconnectors
thermal_vision_workspace\cleaned\Disconnectors\Disconnectors_0061.jpg,Disconnectors
thermal_vision_workspace\cleaned\Disconnectors\Disconnectors_0062.jpg,Disconnectors
thermal_vision_workspace\cleaned\Disconnectors\Disconnectors_0063.jpg,Disconnectors
thermal_vision_workspace\cleaned\Disconnectors\Disconnectors_0064.jpg,Disconnectors
thermal_vision_workspace\cleaned\Disconnectors\Disconnectors_0065.jpg,Disconnectors
thermal_vision_workspace\cleaned\Disconnectors\Disconnectors_0066.jpg,Disconnectors
thermal_vision_workspace\cleaned\Disconnectors\Disconnectors_0067.jpg,Disconnectors
thermal_vision_workspace\cleaned\Disconnectors\Disconnectors_0068.jpg,Disconnectors
thermal_vision_workspace\cleaned\Disconnectors\Disconnectors_0069.jpg,Disconnectors
thermal_vision_workspace\cleaned\Disconnectors\Disconnectors_0070.jpg,Disconnectors
thermal_vision_workspace\cleaned\Disconnectors\Disconnectors_0071.jpg,Disconnectors
thermal_vision_workspace\cleaned\Disconnectors\Disconnectors_0072.jpg,Disconnectors
thermal_vision_workspace\cleaned\Disconnectors\Disconnectors_0073.jpg,Disconnectors
thermal_vision_workspace\cleaned\Disconnectors\Disconnectors_0074.jpg,Disconnectors
thermal_vision_workspace\cleaned\Disconnectors\Disconnectors_0075.jpg,Disconnectors
thermal_vision_workspace\cleaned\Disconnectors\Disconnectors_0076.jpg,Disconnectors
thermal_vision_workspace\cleaned\Disconnectors\Disconnectors_0077.jpg,Disconnectors
thermal_vision_workspace\cleaned\Disconnectors\Disconnectors_0078.jpg,Disconnectors
thermal_vision_workspace\cleaned\Disconnectors\Disconnectors_0079.jpg,Disconnectors
thermal_vision_workspace\cleaned\Disconnectors\Disconnectors_0080.jpg,Disconnectors
thermal_vision_workspace\cleaned\Disconnectors\Disconnectors_0081.jpg,Disconnectors
thermal_vision_workspace\cleaned\Disconnectors\Disconnectors_0082.jpg,Disconnectors
thermal_vision_workspace\cleaned\Disconnectors\Disconnectors_0083.jpg,Disconnectors
thermal_vision_workspace\cleaned\Disconnectors\Disconnectors_0084.jpg,Disconnectors
thermal_vision_workspace\cleaned\Disconnectors\Disconnectors_0085.jpg,Disconnectors
thermal_vision_workspace\cleaned\Disconnectors\Disconnectors_0086.jpg,Disconnectors
thermal_vision_workspace\cleaned\Disconnectors\Disconnectors_0087.jpg,Disconnectors
thermal_vision_workspace\cleaned\Disconnectors\Disconnectors_0088.jpg,Disconnectors
thermal_vision_workspace\cleaned\Disconnectors\Disconnectors_0089.jpg,Disconnectors
thermal_vision_workspace\cleaned\Disconnectors\Disconnectors_0090.jpg,Disconnectors
thermal_vision_workspace\cleaned\Disconnectors\Disconnectors_0091.jpg,Disconnectors
thermal_vision_workspace\cleaned\Disconnectors\Disconnectors_0092.jpg,Disconnectors
thermal_vision_workspace\cleaned\Disconnectors\Disconnectors_0093.jpg,Disconnectors
thermal_vision_workspace\cleaned\Disconnectors\Disconnectors_0094.jpg,Disconnectors
thermal_vision_workspace\cleaned\Disconnectors\Disconnectors_0095.jpg,Disconnectors
thermal_vision_workspace\cleaned\Disconnectors\Disconnectors_0096.jpg,Disconnectors
thermal_vision_workspace\cleaned\Disconnectors\Disconnectors_0097.jpg,Disconnectors
thermal_vision_workspace\cleaned\Disconnectors\Disconnectors_0098.jpg,Disconnectors
thermal_vision_workspace\cleaned\Disconnectors\Disconnectors_0099.jpg,Disconnectors
thermal_vision_workspace\cleaned\Disconnectors\Disconnectors_0100.jpg,Disconnectors
thermal_vision_workspace\cleaned\Disconnectors\Disconnectors_0101.jpg,Disconnectors
thermal_vision_workspace\cleaned\Disconnectors\Disconnectors_0102.jpg,Disconnectors
thermal_vision_workspace\cleaned\Disconnectors\Disconnectors_0103.jpg,Disconnectors
thermal_vision_workspace\cleaned\Disconnectors\Disconnectors_0104.jpg,Disconnectors
thermal_vision_workspace\cleaned\Disconnectors\Disconnectors_0105.jpg,Disconnectors
thermal_vision_workspace\cleaned\Disconnectors\Disconnectors_0106.jpg,Disconnectors
thermal_vision_workspace\cleaned\Disconnectors\Disconnectors_0107.jpg,Disconnectors
thermal_vision_workspace\cleaned\Disconnectors\Disconnectors_0108.jpg,Disconnectors
thermal_vision_workspace\cleaned\Disconnectors\Disconnectors_0109.jpg,Disconnectors
thermal_vision_workspace\cleaned\Disconnectors\Disconnectors_0110.jpg,Disconnectors
thermal_vision_workspace\cleaned\Disconnectors\Disconnectors_0111.jpg,Disconnectors
thermal_vision_workspace\cleaned\Disconnectors\Disconnectors_0112.jpg,Disconnectors
thermal_vision_workspace\cleaned\Disconnectors\Disconnectors_0113.jpg,Disconnectors
thermal_vision_workspace\cleaned\Disconnectors\Disconnectors_0114.jpg,Disconnectors
thermal_vision_workspace\cleaned\Disconnectors\Disconnectors_0115.jpg,Disconnectors
thermal_vision_workspace\cleaned\Disconnectors\Disconnectors_0116.jpg,Disconnectors
thermal_vision_workspace\cleaned\Disconnectors\Disconnectors_0117.jpg,Disconnectors
thermal_vision_workspace\cleaned\Disconnectors\Disconnectors_0118.jpg,Disconnectors
thermal_vision_workspace\cleaned\Disconnectors\Disconnectors_0119.jpg,Disconnectors
thermal_vision_workspace\cleaned\Disconnectors\Disconnectors_0120.jpg,Disconnectors
thermal_vision_workspace\cleaned\Disconnectors\Disconnectors_0121.jpg,Disconnectors
thermal_vision_workspace\cleaned\Disconnectors\Disconnectors_0122.jpg,Disconnectors
thermal_vision_workspace\cleaned\Disconnectors\Disconnectors_0123.jpg,Disconnectors
thermal_vision_workspace\cleaned\Disconnectors\Disconnectors_0124.jpg,Disconnectors
thermal_vision_workspace\cleaned\Disconnectors\Disconnectors_0125.jpg,Disconnectors
thermal_vision_workspace\cleaned\Disconnectors\Disconnectors_0126.jpg,Disconnectors
thermal_vision_workspace\cleaned\Disconnectors\Disconnectors_0127.jpg,Disconnectors
thermal_vision_workspace\cleaned\Disconnectors\Disconnectors_0128.jpg,Disconnectors
thermal_vision_workspace\cleaned\Disconnectors\Disconnectors_0129.jpg,Disconnectors
thermal_vision_workspace\cleaned\Disconnectors\Disconnectors_0130.jpg,Disconnectors
thermal_vision_workspace\cleaned\Disconnectors\Disconnectors_0131.jpg,Disconnectors
thermal_vision_workspace\cleaned\Disconnectors\Disconnectors_0132.jpg,Disconnectors
thermal_vision_workspace\cleaned\Disconnectors\Disconnectors_0133.jpg,Disconnectors
thermal_vision_workspace\cleaned\Disconnectors\Disconnectors_0134.jpg,Disconnectors
thermal_vision_workspace\cleaned\Disconnectors\Disconnectors_0135.jpg,Disconnectors
thermal_vision_workspace\cleaned\Disconnectors\Disconnectors_0136.jpg,Disconnectors
thermal_vision_workspace\cleaned\Disconnectors\Disconnectors_0137.jpg,Disconnectors
thermal_vision_workspace\cleaned\Disconnectors\Disconnectors_0138.jpg,Disconnectors
thermal_vision_workspace\cleaned\Disconnectors\Disconnectors_0139.jpg,Disconnectors
thermal_vision_workspace\cleaned\Disconnectors\Disconnectors_0140.jpg,Disconnectors
thermal_vision_workspace\cleaned\Disconnectors\Disconnectors_0141.jpg,Disconnectors
thermal_vision_workspace\cleaned\Disconnectors\Disconnectors_0142.jpg,Disconnectors
thermal_vision_workspace\cleaned\Disconnectors\Disconnectors_0143.jpg,Disconnectors
thermal_vision_workspace\cleaned\Disconnectors\Disconnectors_0144.jpg,Disconnectors
thermal_vision_workspace\cleaned\Disconnectors\Disconnectors_0145.jpg,Disconnectors
thermal_vision_workspace\cleaned\Disconnectors\Disconnectors_0146.jpg,Disconnectors
thermal_vision_workspace\cleaned\Disconnectors\Disconnectors_0147.jpg,Disconnectors
thermal_vision_workspace\cleaned\Disconnectors\Disconnectors_0148.jpg,Disconnectors
thermal_vision_workspace\cleaned\Disconnectors\Disconnectors_0149.jpg,Disconnectors
thermal_vision_workspace\cleaned\Disconnectors\Disconnectors_0150.jpg,Disconnectors
thermal_vision_workspace\cleaned\Disconnectors\Disconnectors_0151.jpg,Disconnectors
thermal_vision_workspace\cleaned\Disconnectors\Disconnectors_0152.jpg,Disconnectors
thermal_vision_workspace\cleaned\Disconnectors\Disconnectors_0153.jpg,Disconnectors
thermal_vision_workspace\cleaned\Disconnectors\Disconnectors_0154.jpg,Disconnectors
thermal_vision_workspace\cleaned\Disconnectors\Disconnectors_0155.jpg,Disconnectors
thermal_vision_workspace\cleaned\Disconnectors\Disconnectors_0156.jpg,Disconnectors
thermal_vision_workspace\cleaned\Disconnectors\Disconnectors_0157.jpg,Disconnectors
thermal_vision_workspace\cleaned\Disconnectors\Disconnectors_0158.jpg,Disconnectors
thermal_vision_workspace\cleaned\Disconnectors\Disconnectors_0159.jpg,Disconnectors
thermal_vision_workspace\cleaned\Disconnectors\Disconnectors_0160.jpg,Disconnectors
thermal_vision_workspace\cleaned\Disconnectors\Disconnectors_0161.jpg,Disconnectors
thermal_vision_workspace\cleaned\Disconnectors\Disconnectors_0162.jpg,Disconnectors
thermal_vision_workspace\cleaned\Disconnectors\Disconnectors_0163.jpg,Disconnectors
thermal_vision_workspace\cleaned\Disconnectors\Disconnectors_0164.jpg,Disconnectors
thermal_vision_workspace\cleaned\Disconnectors\Disconnectors_0165.jpg,Disconnectors
thermal_vision_workspace\cleaned\Disconnectors\Disconnectors_0166.jpg,Disconnectors
thermal_vision_workspace\cleaned\Disconnectors\Disconnectors_0167.jpg,Disconnectors
thermal_vision_workspace\cleaned\Disconnectors\Disconnectors_0168.jpg,Disconnectors
thermal_vision_workspace\cleaned\Disconnectors\Disconnectors_0169.jpg,Disconnectors
thermal_vision_workspace\cleaned\Disconnectors\Disconnectors_0170.jpg,Disconnectors
thermal_vision_workspace\cleaned\Disconnectors\Disconnectors_0171.jpg,Disconnectors
thermal_vision_workspace\cleaned\Disconnectors\Disconnectors_0172.jpg,Disconnectors
thermal_vision_workspace\cleaned\Disconnectors\Disconnectors_0173.jpg,Disconnectors
thermal_vision_workspace\cleaned\Disconnectors\Disconnectors_0174.jpg,Disconnectors
thermal_vision_workspace\cleaned\Disconnectors\Disconnectors_0175.jpg,Disconnectors
thermal_vision_workspace\cleaned\Disconnectors\Disconnectors_0176.jpg,Disconnectors
thermal_vision_workspace\cleaned\Disconnectors\Disconnectors_0177.jpg,Disconnectors
thermal_vision_workspace\cleaned\Disconnectors\Disconnectors_0178.jpg,Disconnectors
thermal_vision_workspace\cleaned\Disconnectors\Disconnectors_0179.jpg,Disconnectors
thermal_vision_workspace\cleaned\Power Transformers\Power Transformers_0000.jpg,Power Transformers
thermal_vision_workspace\cleaned\Power Transformers\Power Transformers_0001.jpg,Power Transformers
thermal_vision_workspace\cleaned\Power Transformers\Power Transformers_0002.jpg,Power Transformers
thermal_vision_workspace\cleaned\Power Transformers\Power Transformers_0003.jpg,Power Transformers
thermal_vision_workspace\cleaned\Power Transformers\Power Transformers_0004.jpg,Power Transformers
thermal_vision_workspace\cleaned\Power Transformers\Power Transformers_0005.jpg,Power Transformers
thermal_vision_workspace\cleaned\Power Transformers\Power Transformers_0006.jpg,Power Transformers
thermal_vision_workspace\cleaned\Power Transformers\Power Transformers_0007.jpg,Power Transformers
thermal_vision_workspace\cleaned\Power Transformers\Power Transformers_0008.jpg,Power Transformers
thermal_vision_workspace\cleaned\Power Transformers\Power Transformers_0009.jpg,Power Transformers
thermal_vision_workspace\cleaned\Power Transformers\Power Transformers_0010.jpg,Power Transformers
thermal_vision_workspace\cleaned\Power Transformers\Power Transformers_0011.jpg,Power Transformers
thermal_vision_workspace\cleaned\Power Transformers\Power Transformers_0012.jpg,Power Transformers
thermal_vision_workspace\cleaned\Power Transformers\Power Transformers_0013.jpg,Power Transformers
thermal_vision_workspace\cleaned\Power Transformers\Power Transformers_0014.jpg,Power Transformers
thermal_vision_workspace\cleaned\Power Transformers\Power Transformers_0015.jpg,Power Transformers
thermal_vision_workspace\cleaned\Power Transformers\Power Transformers_0016.jpg,Power Transformers
thermal_vision_workspace\cleaned\Power Transformers\Power Transformers_0017.jpg,Power Transformers
thermal_vision_workspace\cleaned\Power Transformers\Power Transformers_0018.jpg,Power Transformers
thermal_vision_workspace\cleaned\Power Transformers\Power Transformers_0019.jpg,Power Transformers
thermal_vision_workspace\cleaned\Power Transformers\Power Transformers_0020.jpg,Power Transformers
thermal_vision_workspace\cleaned\Power Transformers\Power Transformers_0021.jpg,Power Transformers
thermal_vision_workspace\cleaned\Power Transformers\Power Transformers_0022.jpg,Power Transformers
thermal_vision_workspace\cleaned\Power Transformers\Power Transformers_0023.jpg,Power Transformers
thermal_vision_workspace\cleaned\Power Transformers\Power Transformers_0024.jpg,Power Transformers
thermal_vision_workspace\cleaned\Power Transformers\Power Transformers_0025.jpg,Power Transformers
thermal_vision_workspace\cleaned\Power Transformers\Power Transformers_0026.jpg,Power Transformers
thermal_vision_workspace\cleaned\Power Transformers\Power Transformers_0027.jpg,Power Transformers
thermal_vision_workspace\cleaned\Power Transformers\Power Transformers_0028.jpg,Power Transformers
thermal_vision_workspace\cleaned\Power Transformers\Power Transformers_0029.jpg,Power Transformers
thermal_vision_workspace\cleaned\Power Transformers\Power Transformers_0030.jpg,Power Transformers
thermal_vision_workspace\cleaned\Power Transformers\Power Transformers_0031.jpg,Power Transformers
thermal_vision_workspace\cleaned\Power Transformers\Power Transformers_0032.jpg,Power Transformers
thermal_vision_workspace\cleaned\Power Transformers\Power Transformers_0033.jpg,Power Transformers
thermal_vision_workspace\cleaned\Power Transformers\Power Transformers_0034.jpg,Power Transformers
thermal_vision_workspace\cleaned\Power Transformers\Power Transformers_0035.jpg,Power Transformers
thermal_vision_workspace\cleaned\Power Transformers\Power Transformers_0036.jpg,Power Transformers
thermal_vision_workspace\cleaned\Power Transformers\Power Transformers_0037.jpg,Power Transformers
thermal_vision_workspace\cleaned\Power Transformers\Power Transformers_0038.jpg,Power Transformers
thermal_vision_workspace\cleaned\Power Transformers\Power Transformers_0039.jpg,Power Transformers
thermal_vision_workspace\cleaned\Power Transformers\Power Transformers_0040.jpg,Power Transformers
thermal_vision_workspace\cleaned\Power Transformers\Power Transformers_0041.jpg,Power Transformers
thermal_vision_workspace\cleaned\Power Transformers\Power Transformers_0042.jpg,Power Transformers
thermal_vision_workspace\cleaned\Power Transformers\Power Transformers_0043.jpg,Power Transformers
thermal_vision_workspace\cleaned\Power Transformers\Power Transformers_0044.jpg,Power Transformers
thermal_vision_workspace\cleaned\Power Transformers\Power Transformers_0045.jpg,Power Transformers
thermal_vision_workspace\cleaned\Power Transformers\Power Transformers_0046.jpg,Power Transformers
thermal_vision_workspace\cleaned\Power Transformers\Power Transformers_0047.jpg,Power Transformers
thermal_vision_workspace\cleaned\Power Transformers\Power Transformers_0048.jpg,Power Transformers
thermal_vision_workspace\cleaned\Power Transformers\Power Transformers_0049.jpg,Power Transformers
thermal_vision_workspace\cleaned\Power Transformers\Power Transformers_0050.jpg,Power Transformers
thermal_vision_workspace\cleaned\Power Transformers\Power Transformers_0051.jpg,Power Transformers
thermal_vision_workspace\cleaned\Power Transformers\Power Transformers_0052.jpg,Power Transformers
thermal_vision_workspace\cleaned\Power Transformers\Power Transformers_0053.jpg,Power Transformers
thermal_vision_workspace\cleaned\Power Transformers\Power Transformers_0054.jpg,Power Transformers
thermal_vision_workspace\cleaned\Power Transformers\Power Transformers_0055.jpg,Power Transformers
thermal_vision_workspace\cleaned\Power Transformers\Power Transformers_0056.jpg,Power Transformers
thermal_vision_workspace\cleaned\Power Transformers\Power Transformers_0057.jpg,Power Transformers
thermal_vision_workspace\cleaned\Power Transformers\Power Transformers_0058.jpg,Power Transformers
thermal_vision_workspace\cleaned\Power Transformers\Power Transformers_0059.jpg,Power Transformers
thermal_vision_workspace\cleaned\Power Transformers\Power Transformers_0060.jpg,Power Transformers
thermal_vision_workspace\cleaned\Power Transformers\Power Transformers_0061.jpg,Power Transformers
thermal_vision_workspace\cleaned\Power Transformers\Power Transformers_0062.jpg,Power Transformers
thermal_vision_workspace\cleaned\Power Transformers\Power Transformers_0063.jpg,Power Transformers
thermal_vision_workspace\cleaned\Power Transformers\Power Transformers_0064.jpg,Power Transformers
thermal_vision_workspace\cleaned\Power Transformers\Power Transformers_0065.jpg,Power Transformers
thermal_vision_workspace\cleaned\Power Transformers\Power Transformers_0066.jpg,Power Transformers
thermal_vision_workspace\cleaned\Power Transformers\Power Transformers_0067.jpg,Power Transformers
thermal_vision_workspace\cleaned\Power Transformers\Power Transformers_0068.jpg,Power Transformers
thermal_vision_workspace\cleaned\Power Transformers\Power Transformers_0069.jpg,Power Transformers
thermal_vision_workspace\cleaned\Power Transformers\Power Transformers_0070.jpg,Power Transformers
thermal_vision_workspace\cleaned\Power Transformers\Power Transformers_0071.jpg,Power Transformers
thermal_vision_workspace\cleaned\Power Transformers\Power Transformers_0072.jpg,Power Transformers
thermal_vision_workspace\cleaned\Power Transformers\Power Transformers_0073.jpg,Power Transformers
thermal_vision_workspace\cleaned\Power Transformers\Power Transformers_0074.jpg,Power Transformers
thermal_vision_workspace\cleaned\Power Transformers\Power Transformers_0075.jpg,Power Transformers
thermal_vision_workspace\cleaned\Power Transformers\Power Transformers_0076.jpg,Power Transformers
thermal_vision_workspace\cleaned\Power Transformers\Power Transformers_0077.jpg,Power Transformers
thermal_vision_workspace\cleaned\Power Transformers\Power Transformers_0078.jpg,Power Transformers
thermal_vision_workspace\cleaned\Power Transformers\Power Transformers_0079.jpg,Power Transformers
thermal_vision_workspace\cleaned\Power Transformers\Power Transformers_0080.jpg,Power Transformers
thermal_vision_workspace\cleaned\Power Transformers\Power Transformers_0081.jpg,Power Transformers
thermal_vision_workspace\cleaned\Power Transformers\Power Transformers_0082.jpg,Power Transformers
thermal_vision_workspace\cleaned\Power Transformers\Power Transformers_0083.jpg,Power Transformers
thermal_vision_workspace\cleaned\Power Transformers\Power Transformers_0084.jpg,Power Transformers
thermal_vision_workspace\cleaned\Power Transformers\Power Transformers_0085.jpg,Power Transformers
thermal_vision_workspace\cleaned\Power Transformers\Power Transformers_0086.jpg,Power Transformers
thermal_vision_workspace\cleaned\Power Transformers\Power Transformers_0087.jpg,Power Transformers
thermal_vision_workspace\cleaned\Power Transformers\Power Transformers_0088.jpg,Power Transformers
thermal_vision_workspace\cleaned\Power Transformers\Power Transformers_0089.jpg,Power Transformers
thermal_vision_workspace\cleaned\Power Transformers\Power Transformers_0090.jpg,Power Transformers
thermal_vision_workspace\cleaned\Power Transformers\Power Transformers_0091.jpg,Power Transformers
thermal_vision_workspace\cleaned\Power Transformers\Power Transformers_0092.jpg,Power Transformers
thermal_vision_workspace\cleaned\Power Transformers\Power Transformers_0093.jpg,Power Transformers
thermal_vision_workspace\cleaned\Power Transformers\Power Transformers_0094.jpg,Power Transformers
thermal_vision_workspace\cleaned\Power Transformers\Power Transformers_0095.jpg,Power Transformers
thermal_vision_workspace\cleaned\Power Transformers\Power Transformers_0096.jpg,Power Transformers
thermal_vision_workspace\cleaned\Power Transformers\Power Transformers_0097.jpg,Power Transformers
thermal_vision_workspace\cleaned\Power Transformers\Power Transformers_0098.jpg,Power Transformers
thermal_vision_workspace\cleaned\Power Transformers\Power Transformers_0099.jpg,Power Transformers
thermal_vision_workspace\cleaned\Power Transformers\Power Transformers_0100.jpg,Power Transformers
thermal_vision_workspace\cleaned\Power Transformers\Power Transformers_0101.jpg,Power Transformers
thermal_vision_workspace\cleaned\Power Transformers\Power Transformers_0102.jpg,Power Transformers
thermal_vision_workspace\cleaned\Power Transformers\Power Transformers_0103.jpg,Power Transformers
thermal_vision_workspace\cleaned\Power Transformers\Power Transformers_0104.jpg,Power Transformers
thermal_vision_workspace\cleaned\Power Transformers\Power Transformers_0105.jpg,Power Transformers
thermal_vision_workspace\cleaned\Power Transformers\Power Transformers_0106.jpg,Power Transformers
thermal_vision_workspace\cleaned\Power Transformers\Power Transformers_0107.jpg,Power Transformers
thermal_vision_workspace\cleaned\Power Transformers\Power Transformers_0108.jpg,Power Transformers
thermal_vision_workspace\cleaned\Power Transformers\Power Transformers_0109.jpg,Power Transformers
thermal_vision_workspace\cleaned\Power Transformers\Power Transformers_0110.jpg,Power Transformers
thermal_vision_workspace\cleaned\Power Transformers\Power Transformers_0111.jpg,Power Transformers
thermal_vision_workspace\cleaned\Power Transformers\Power Transformers_0112.jpg,Power Transformers
thermal_vision_workspace\cleaned\Power Transformers\Power Transformers_0113.jpg,Power Transformers
thermal_vision_workspace\cleaned\Power Transformers\Power Transformers_0114.jpg,Power Transformers
thermal_vision_workspace\cleaned\Power Transformers\Power Transformers_0115.jpg,Power Transformers
thermal_vision_workspace\cleaned\Power Transformers\Power Transformers_0116.jpg,Power Transformers
thermal_vision_workspace\cleaned\Power Transformers\Power Transformers_0117.jpg,Power Transformers
thermal_vision_workspace\cleaned\Power Transformers\Power Transformers_0118.jpg,Power Transformers
thermal_vision_workspace\cleaned\Power Transformers\Power Transformers_0119.jpg,Power Transformers
thermal_vision_workspace\cleaned\Power Transformers\Power Transformers_0120.jpg,Power Transformers
thermal_vision_workspace\cleaned\Power Transformers\Power Transformers_0121.jpg,Power Transformers
thermal_vision_workspace\cleaned\Power Transformers\Power Transformers_0122.jpg,Power Transformers
thermal_vision_workspace\cleaned\Power Transformers\Power Transformers_0123.jpg,Power Transformers
thermal_vision_workspace\cleaned\Power Transformers\Power Transformers_0124.jpg,Power Transformers
thermal_vision_workspace\cleaned\Power Transformers\Power Transformers_0125.jpg,Power Transformers
thermal_vision_workspace\cleaned\Power Transformers\Power Transformers_0126.jpg,Power Transformers
thermal_vision_workspace\cleaned\Power Transformers\Power Transformers_0127.jpg,Power Transformers
thermal_vision_workspace\cleaned\Power Transformers\Power Transformers_0128.jpg,Power Transformers
thermal_vision_workspace\cleaned\Power Transformers\Power Transformers_0129.jpg,Power Transformers
thermal_vision_workspace\cleaned\Power Transformers\Power Transformers_0130.jpg,Power Transformers
thermal_vision_workspace\cleaned\Power Transformers\Power Transformers_0131.jpg,Power Transformers
thermal_vision_workspace\cleaned\Power Transformers\Power Transformers_0132.jpg,Power Transformers
thermal_vision_workspace\cleaned\Power Transformers\Power Transformers_0133.jpg,Power Transformers
thermal_vision_workspace\cleaned\Power Transformers\Power Transformers_0134.jpg,Power Transformers
thermal_vision_workspace\cleaned\Power Transformers\Power Transformers_0135.jpg,Power Transformers
thermal_vision_workspace\cleaned\Power Transformers\Power Transformers_0136.jpg,Power Transformers
thermal_vision_workspace\cleaned\Power Transformers\Power Transformers_0137.jpg,Power Transformers
thermal_vision_workspace\cleaned\Power Transformers\Power Transformers_0138.jpg,Power Transformers
thermal_vision_workspace\cleaned\Power Transformers\Power Transformers_0139.jpg,Power Transformers
thermal_vision_workspace\cleaned\Power Transformers\Power Transformers_0140.jpg,Power Transformers
thermal_vision_workspace\cleaned\Power Transformers\Power Transformers_0141.jpg,Power Transformers
thermal_vision_workspace\cleaned\Power Transformers\Power Transformers_0142.jpg,Power Transformers
thermal_vision_workspace\cleaned\Power Transformers\Power Transformers_0143.jpg,Power Transformers
thermal_vision_workspace\cleaned\Power Transformers\Power Transformers_0144.jpg,Power Transformers
thermal_vision_workspace\cleaned\Power Transformers\Power Transformers_0145.jpg,Power Transformers
thermal_vision_workspace\cleaned\Power Transformers\Power Transformers_0146.jpg,Power Transformers
thermal_vision_workspace\cleaned\Power Transformers\Power Transformers_0147.jpg,Power Transformers
thermal_vision_workspace\cleaned\Power Transformers\Power Transformers_0148.jpg,Power Transformers
thermal_vision_workspace\cleaned\Power Transformers\Power Transformers_0149.jpg,Power Transformers
thermal_vision_workspace\cleaned\Power Transformers\Power Transformers_0150.jpg,Power Transformers
thermal_vision_workspace\cleaned\Power Transformers\Power Transformers_0151.jpg,Power Transformers
thermal_vision_workspace\cleaned\Power Transformers\Power Transformers_0152.jpg,Power Transformers
thermal_vision_workspace\cleaned\Power Transformers\Power Transformers_0153.jpg,Power Transformers
thermal_vision_workspace\cleaned\Power Transformers\Power Transformers_0154.jpg,Power Transformers
thermal_vision_workspace\cleaned\Power Transformers\Power Transformers_0155.jpg,Power Transformers
thermal_vision_workspace\cleaned\Power Transformers\Power Transformers_0156.jpg,Power Transformers
thermal_vision_workspace\cleaned\Power Transformers\Power Transformers_0157.jpg,Power Transformers
thermal_vision_workspace\cleaned\Power Transformers\Power Transformers_0158.jpg,Power Transformers
thermal_vision_workspace\cleaned\Power Transformers\Power Transformers_0159.jpg,Power Transformers
thermal_vision_workspace\cleaned\Power Transformers\Power Transformers_0160.jpg,Power Transformers
thermal_vision_workspace\cleaned\Power Transformers\Power Transformers_0161.jpg,Power Transformers
thermal_vision_workspace\cleaned\Power Transformers\Power Transformers_0162.jpg,Power Transformers
thermal_vision_workspace\cleaned\Power Transformers\Power Transformers_0163.jpg,Power Transformers
thermal_vision_workspace\cleaned\Power Transformers\Power Transformers_0164.jpg,Power Transformers
thermal_vision_workspace\cleaned\Power Transformers\Power Transformers_0165.jpg,Power Transformers
thermal_vision_workspace\cleaned\Power Transformers\Power Transformers_0166.jpg,Power Transformers
thermal_vision_workspace\cleaned\Power Transformers\Power Transformers_0167.jpg,Power Transformers
thermal_vision_workspace\cleaned\Power Transformers\Power Transformers_0168.jpg,Power Transformers
thermal_vision_workspace\cleaned\Power Transformers\Power Transformers_0169.jpg,Power Transformers
thermal_vision_workspace\cleaned\Power Transformers\Power Transformers_0170.jpg,Power Transformers
thermal_vision_workspace\cleaned\Power Transformers\Power Transformers_0171.jpg,Power Transformers
thermal_vision_workspace\cleaned\Power Transformers\Power Transformers_0172.jpg,Power Transformers
thermal_vision_workspace\cleaned\Power Transformers\Power Transformers_0173.jpg,Power Transformers
thermal_vision_workspace\cleaned\Power Transformers\Power Transformers_0174.jpg,Power Transformers
thermal_vision_workspace\cleaned\Power Transformers\Power Transformers_0175.jpg,Power Transformers
thermal_vision_workspace\cleaned\Surge Arresters\Surge Arresters_0000.jpg,Surge Arresters
thermal_vision_workspace\cleaned\Surge Arresters\Surge Arresters_0001.jpg,Surge Arresters
thermal_vision_workspace\cleaned\Surge Arresters\Surge Arresters_0002.jpg,Surge Arresters
thermal_vision_workspace\cleaned\Surge Arresters\Surge Arresters_0003.jpg,Surge Arresters
thermal_vision_workspace\cleaned\Surge Arresters\Surge Arresters_0004.jpg,Surge Arresters
thermal_vision_workspace\cleaned\Surge Arresters\Surge Arresters_0005.jpg,Surge Arresters
thermal_vision_workspace\cleaned\Surge Arresters\Surge Arresters_0006.jpg,Surge Arresters
thermal_vision_workspace\cleaned\Surge Arresters\Surge Arresters_0007.jpg,Surge Arresters
thermal_vision_workspace\cleaned\Surge Arresters\Surge Arresters_0008.jpg,Surge Arresters
thermal_vision_workspace\cleaned\Surge Arresters\Surge Arresters_0009.jpg,Surge Arresters
thermal_vision_workspace\cleaned\Surge Arresters\Surge Arresters_0010.jpg,Surge Arresters
thermal_vision_workspace\cleaned\Surge Arresters\Surge Arresters_0011.jpg,Surge Arresters
thermal_vision_workspace\cleaned\Surge Arresters\Surge Arresters_0012.jpg,Surge Arresters
thermal_vision_workspace\cleaned\Surge Arresters\Surge Arresters_0013.jpg,Surge Arresters
thermal_vision_workspace\cleaned\Surge Arresters\Surge Arresters_0014.jpg,Surge Arresters
thermal_vision_workspace\cleaned\Surge Arresters\Surge Arresters_0015.jpg,Surge Arresters
thermal_vision_workspace\cleaned\Surge Arresters\Surge Arresters_0016.jpg,Surge Arresters
thermal_vision_workspace\cleaned\Surge Arresters\Surge Arresters_0017.jpg,Surge Arresters
thermal_vision_workspace\cleaned\Surge Arresters\Surge Arresters_0018.jpg,Surge Arresters
thermal_vision_workspace\cleaned\Surge Arresters\Surge Arresters_0019.jpg,Surge Arresters
thermal_vision_workspace\cleaned\Surge Arresters\Surge Arresters_0020.jpg,Surge Arresters
thermal_vision_workspace\cleaned\Surge Arresters\Surge Arresters_0021.jpg,Surge Arresters
thermal_vision_workspace\cleaned\Surge Arresters\Surge Arresters_0022.jpg,Surge Arresters
thermal_vision_workspace\cleaned\Surge Arresters\Surge Arresters_0023.jpg,Surge Arresters
thermal_vision_workspace\cleaned\Surge Arresters\Surge Arresters_0024.jpg,Surge Arresters
thermal_vision_workspace\cleaned\Surge Arresters\Surge Arresters_0025.jpg,Surge Arresters
thermal_vision_workspace\cleaned\Surge Arresters\Surge Arresters_0026.jpg,Surge Arresters
thermal_vision_workspace\cleaned\Surge Arresters\Surge Arresters_0027.jpg,Surge Arresters
thermal_vision_workspace\cleaned\Surge Arresters\Surge Arresters_0028.jpg,Surge Arresters
thermal_vision_workspace\cleaned\Surge Arresters\Surge Arresters_0029.jpg,Surge Arresters
thermal_vision_workspace\cleaned\Surge Arresters\Surge Arresters_0030.jpg,Surge Arresters
thermal_vision_workspace\cleaned\Surge Arresters\Surge Arresters_0031.jpg,Surge Arresters
thermal_vision_workspace\cleaned\Surge Arresters\Surge Arresters_0032.jpg,Surge Arresters
thermal_vision_workspace\cleaned\Surge Arresters\Surge Arresters_0033.jpg,Surge Arresters
thermal_vision_workspace\cleaned\Surge Arresters\Surge Arresters_0034.jpg,Surge Arresters
thermal_vision_workspace\cleaned\Surge Arresters\Surge Arresters_0035.jpg,Surge Arresters
thermal_vision_workspace\cleaned\Surge Arresters\Surge Arresters_0036.jpg,Surge Arresters
thermal_vision_workspace\cleaned\Surge Arresters\Surge Arresters_0037.jpg,Surge Arresters
thermal_vision_workspace\cleaned\Surge Arresters\Surge Arresters_0038.jpg,Surge Arresters
thermal_vision_workspace\cleaned\Surge Arresters\Surge Arresters_0039.jpg,Surge Arresters
thermal_vision_workspace\cleaned\Surge Arresters\Surge Arresters_0040.jpg,Surge Arresters
thermal_vision_workspace\cleaned\Surge Arresters\Surge Arresters_0041.jpg,Surge Arresters
thermal_vision_workspace\cleaned\Surge Arresters\Surge Arresters_0042.jpg,Surge Arresters
thermal_vision_workspace\cleaned\Surge Arresters\Surge Arresters_0043.jpg,Surge Arresters
thermal_vision_workspace\cleaned\Surge Arresters\Surge Arresters_0044.jpg,Surge Arresters
thermal_vision_workspace\cleaned\Surge Arresters\Surge Arresters_0045.jpg,Surge Arresters
thermal_vision_workspace\cleaned\Surge Arresters\Surge Arresters_0046.jpg,Surge Arresters
thermal_vision_workspace\cleaned\Surge Arresters\Surge Arresters_0047.jpg,Surge Arresters
thermal_vision_workspace\cleaned\Surge Arresters\Surge Arresters_0048.jpg,Surge Arresters
thermal_vision_workspace\cleaned\Surge Arresters\Surge Arresters_0049.jpg,Surge Arresters
thermal_vision_workspace\cleaned\Surge Arresters\Surge Arresters_0050.jpg,Surge Arresters
thermal_vision_workspace\cleaned\Surge Arresters\Surge Arresters_0051.jpg,Surge Arresters
thermal_vision_workspace\cleaned\Surge Arresters\Surge Arresters_0052.jpg,Surge Arresters
thermal_vision_workspace\cleaned\Surge Arresters\Surge Arresters_0053.jpg,Surge Arresters
thermal_vision_workspace\cleaned\Surge Arresters\Surge Arresters_0054.jpg,Surge Arresters
thermal_vision_workspace\cleaned\Surge Arresters\Surge Arresters_0055.jpg,Surge Arresters
thermal_vision_workspace\cleaned\Surge Arresters\Surge Arresters_0056.jpg,Surge Arresters
thermal_vision_workspace\cleaned\Surge Arresters\Surge Arresters_0057.jpg,Surge Arresters
thermal_vision_workspace\cleaned\Surge Arresters\Surge Arresters_0058.jpg,Surge Arresters
thermal_vision_workspace\cleaned\Surge Arresters\Surge Arresters_0059.jpg,Surge Arresters
thermal_vision_workspace\cleaned\Surge Arresters\Surge Arresters_0060.jpg,Surge Arresters
thermal_vision_workspace\cleaned\Surge Arresters\Surge Arresters_0061.jpg,Surge Arresters
thermal_vision_workspace\cleaned\Surge Arresters\Surge Arresters_0062.jpg,Surge Arresters
thermal_vision_workspace\cleaned\Surge Arresters\Surge Arresters_0063.jpg,Surge Arresters
thermal_vision_workspace\cleaned\Surge Arresters\Surge Arresters_0064.jpg,Surge Arresters
thermal_vision_workspace\cleaned\Surge Arresters\Surge Arresters_0065.jpg,Surge Arresters
thermal_vision_workspace\cleaned\Surge Arresters\Surge Arresters_0066.jpg,Surge Arresters
thermal_vision_workspace\cleaned\Surge Arresters\Surge Arresters_0067.jpg,Surge Arresters
thermal_vision_workspace\cleaned\Surge Arresters\Surge Arresters_0068.jpg,Surge Arresters
thermal_vision_workspace\cleaned\Surge Arresters\Surge Arresters_0069.jpg,Surge Arresters
thermal_vision_workspace\cleaned\Surge Arresters\Surge Arresters_0070.jpg,Surge Arresters
thermal_vision_workspace\cleaned\Surge Arresters\Surge Arresters_0071.jpg,Surge Arresters
thermal_vision_workspace\cleaned\Surge Arresters\Surge Arresters_0072.jpg,Surge Arresters
thermal_vision_workspace\cleaned\Surge Arresters\Surge Arresters_0073.jpg,Surge Arresters
thermal_vision_workspace\cleaned\Surge Arresters\Surge Arresters_0074.jpg,Surge Arresters
thermal_vision_workspace\cleaned\Surge Arresters\Surge Arresters_0075.jpg,Surge Arresters
thermal_vision_workspace\cleaned\Surge Arresters\Surge Arresters_0076.jpg,Surge Arresters
thermal_vision_workspace\cleaned\Surge Arresters\Surge Arresters_0077.jpg,Surge Arresters
thermal_vision_workspace\cleaned\Surge Arresters\Surge Arresters_0078.jpg,Surge Arresters
thermal_vision_workspace\cleaned\Surge Arresters\Surge Arresters_0079.jpg,Surge Arresters
thermal_vision_workspace\cleaned\Surge Arresters\Surge Arresters_0080.jpg,Surge Arresters
thermal_vision_workspace\cleaned\Surge Arresters\Surge Arresters_0081.jpg,Surge Arresters
thermal_vision_workspace\cleaned\Surge Arresters\Surge Arresters_0082.jpg,Surge Arresters
thermal_vision_workspace\cleaned\Surge Arresters\Surge Arresters_0083.jpg,Surge Arresters
thermal_vision_workspace\cleaned\Surge Arresters\Surge Arresters_0084.jpg,Surge Arresters
thermal_vision_workspace\cleaned\Surge Arresters\Surge Arresters_0085.jpg,Surge Arresters
thermal_vision_workspace\cleaned\Surge Arresters\Surge Arresters_0086.jpg,Surge Arresters
thermal_vision_workspace\cleaned\Surge Arresters\Surge Arresters_0087.jpg,Surge Arresters
thermal_vision_workspace\cleaned\Surge Arresters\Surge Arresters_0088.jpg,Surge Arresters
thermal_vision_workspace\cleaned\Surge Arresters\Surge Arresters_0089.jpg,Surge Arresters
thermal_vision_workspace\cleaned\Surge Arresters\Surge Arresters_0090.jpg,Surge Arresters
thermal_vision_workspace\cleaned\Surge Arresters\Surge Arresters_0091.jpg,Surge Arresters
thermal_vision_workspace\cleaned\Surge Arresters\Surge Arresters_0092.jpg,Surge Arresters
thermal_vision_workspace\cleaned\Surge Arresters\Surge Arresters_0093.jpg,Surge Arresters
thermal_vision_workspace\cleaned\Surge Arresters\Surge Arresters_0094.jpg,Surge Arresters
thermal_vision_workspace\cleaned\Surge Arresters\Surge Arresters_0095.jpg,Surge Arresters
thermal_vision_workspace\cleaned\Surge Arresters\Surge Arresters_0096.jpg,Surge Arresters
thermal_vision_workspace\cleaned\Surge Arresters\Surge Arresters_0097.jpg,Surge Arresters
thermal_vision_workspace\cleaned\Surge Arresters\Surge Arresters_0098.jpg,Surge Arresters
thermal_vision_workspace\cleaned\Surge Arresters\Surge Arresters_0099.jpg,Surge Arresters
thermal_vision_workspace\cleaned\Surge Arresters\Surge Arresters_0100.jpg,Surge Arresters
thermal_vision_workspace\cleaned\Surge Arresters\Surge Arresters_0101.jpg,Surge Arresters
thermal_vision_workspace\cleaned\Surge Arresters\Surge Arresters_0102.jpg,Surge Arresters
thermal_vision_workspace\cleaned\Surge Arresters\Surge Arresters_0103.jpg,Surge Arresters
thermal_vision_workspace\cleaned\Surge Arresters\Surge Arresters_0104.jpg,Surge Arresters
thermal_vision_workspace\cleaned\Surge Arresters\Surge Arresters_0105.jpg,Surge Arresters
thermal_vision_workspace\cleaned\Surge Arresters\Surge Arresters_0106.jpg,Surge Arresters
thermal_vision_workspace\cleaned\Surge Arresters\Surge Arresters_0107.jpg,Surge Arresters
thermal_vision_workspace\cleaned\Surge Arresters\Surge Arresters_0108.jpg,Surge Arresters
thermal_vision_workspace\cleaned\Surge Arresters\Surge Arresters_0109.jpg,Surge Arresters
thermal_vision_workspace\cleaned\Surge Arresters\Surge Arresters_0110.jpg,Surge Arresters
thermal_vision_workspace\cleaned\Surge Arresters\Surge Arresters_0111.jpg,Surge Arresters
thermal_vision_workspace\cleaned\Surge Arresters\Surge Arresters_0112.jpg,Surge Arresters
thermal_vision_workspace\cleaned\Surge Arresters\Surge Arresters_0113.jpg,Surge Arresters
thermal_vision_workspace\cleaned\Surge Arresters\Surge Arresters_0114.jpg,Surge Arresters
thermal_vision_workspace\cleaned\Surge Arresters\Surge Arresters_0115.jpg,Surge Arresters
thermal_vision_workspace\cleaned\Surge Arresters\Surge Arresters_0116.jpg,Surge Arresters
thermal_vision_workspace\cleaned\Surge Arresters\Surge Arresters_0117.jpg,Surge Arresters
thermal_vision_workspace\cleaned\Surge Arresters\Surge Arresters_0118.jpg,Surge Arresters
thermal_vision_workspace\cleaned\Surge Arresters\Surge Arresters_0119.jpg,Surge Arresters
thermal_vision_workspace\cleaned\Surge Arresters\Surge Arresters_0120.jpg,Surge Arresters
thermal_vision_workspace\cleaned\Surge Arresters\Surge Arresters_0121.jpg,Surge Arresters
thermal_vision_workspace\cleaned\Surge Arresters\Surge Arresters_0122.jpg,Surge Arresters
thermal_vision_workspace\cleaned\Surge Arresters\Surge Arresters_0123.jpg,Surge Arresters
thermal_vision_workspace\cleaned\Surge Arresters\Surge Arresters_0124.jpg,Surge Arresters
thermal_vision_workspace\cleaned\Surge Arresters\Surge Arresters_0125.jpg,Surge Arresters
thermal_vision_workspace\cleaned\Surge Arresters\Surge Arresters_0126.jpg,Surge Arresters
thermal_vision_workspace\cleaned\Surge Arresters\Surge Arresters_0127.jpg,Surge Arresters
thermal_vision_workspace\cleaned\Surge Arresters\Surge Arresters_0128.jpg,Surge Arresters
thermal_vision_workspace\cleaned\Surge Arresters\Surge Arresters_0129.jpg,Surge Arresters
thermal_vision_workspace\cleaned\Surge Arresters\Surge Arresters_0130.jpg,Surge Arresters
thermal_vision_workspace\cleaned\Surge Arresters\Surge Arresters_0131.jpg,Surge Arresters
thermal_vision_workspace\cleaned\Surge Arresters\Surge Arresters_0132.jpg,Surge Arresters
thermal_vision_workspace\cleaned\Surge Arresters\Surge Arresters_0133.jpg,Surge Arresters
thermal_vision_workspace\cleaned\Surge Arresters\Surge Arresters_0134.jpg,Surge Arresters
thermal_vision_workspace\cleaned\Surge Arresters\Surge Arresters_0135.jpg,Surge Arresters
thermal_vision_workspace\cleaned\Surge Arresters\Surge Arresters_0136.jpg,Surge Arresters
thermal_vision_workspace\cleaned\Surge Arresters\Surge Arresters_0137.jpg,Surge Arresters
thermal_vision_workspace\cleaned\Surge Arresters\Surge Arresters_0138.jpg,Surge Arresters
thermal_vision_workspace\cleaned\Surge Arresters\Surge Arresters_0139.jpg,Surge Arresters
thermal_vision_workspace\cleaned\Surge Arresters\Surge Arresters_0140.jpg,Surge Arresters
thermal_vision_workspace\cleaned\Surge Arresters\Surge Arresters_0141.jpg,Surge Arresters
thermal_vision_workspace\cleaned\Surge Arresters\Surge Arresters_0142.jpg,Surge Arresters
thermal_vision_workspace\cleaned\Surge Arresters\Surge Arresters_0143.jpg,Surge Arresters
thermal_vision_workspace\cleaned\Surge Arresters\Surge Arresters_0144.jpg,Surge Arresters
thermal_vision_workspace\cleaned\Surge Arresters\Surge Arresters_0145.jpg,Surge Arresters
thermal_vision_workspace\cleaned\Surge Arresters\Surge Arresters_0146.jpg,Surge Arresters
thermal_vision_workspace\cleaned\Surge Arresters\Surge Arresters_0147.jpg,Surge Arresters
thermal_vision_workspace\cleaned\Surge Arresters\Surge Arresters_0148.jpg,Surge Arresters
thermal_vision_workspace\cleaned\Surge Arresters\Surge Arresters_0149.jpg,Surge Arresters
thermal_vision_workspace\cleaned\Surge Arresters\Surge Arresters_0150.jpg,Surge Arresters
thermal_vision_workspace\cleaned\Surge Arresters\Surge Arresters_0151.jpg,Surge Arresters
thermal_vision_workspace\cleaned\Surge Arresters\Surge Arresters_0152.jpg,Surge Arresters
thermal_vision_workspace\cleaned\Surge Arresters\Surge Arresters_0153.jpg,Surge Arresters
thermal_vision_workspace\cleaned\Surge Arresters\Surge Arresters_0154.jpg,Surge Arresters
thermal_vision_workspace\cleaned\Surge Arresters\Surge Arresters_0155.jpg,Surge Arresters
thermal_vision_workspace\cleaned\Surge Arresters\Surge Arresters_0156.jpg,Surge Arresters
thermal_vision_workspace\cleaned\Surge Arresters\Surge Arresters_0157.jpg,Surge Arresters
thermal_vision_workspace\cleaned\Surge Arresters\Surge Arresters_0158.jpg,Surge Arresters
thermal_vision_workspace\cleaned\Surge Arresters\Surge Arresters_0159.jpg,Surge Arresters
thermal_vision_workspace\cleaned\Surge Arresters\Surge Arresters_0160.jpg,Surge Arresters
thermal_vision_workspace\cleaned\Surge Arresters\Surge Arresters_0161.jpg,Surge Arresters
thermal_vision_workspace\cleaned\Surge Arresters\Surge Arresters_0162.jpg,Surge Arresters
thermal_vision_workspace\cleaned\Surge Arresters\Surge Arresters_0163.jpg,Surge Arresters
thermal_vision_workspace\cleaned\Surge Arresters\Surge Arresters_0164.jpg,Surge Arresters
thermal_vision_workspace\cleaned\Surge Arresters\Surge Arresters_0165.jpg,Surge Arresters
thermal_vision_workspace\cleaned\Surge Arresters\Surge Arresters_0166.jpg,Surge Arresters
thermal_vision_workspace\cleaned\Surge Arresters\Surge Arresters_0167.jpg,Surge Arresters
thermal_vision_workspace\cleaned\Surge Arresters\Surge Arresters_0168.jpg,Surge Arresters
thermal_vision_workspace\cleaned\Surge Arresters\Surge Arresters_0169.jpg,Surge Arresters
thermal_vision_workspace\cleaned\Surge Arresters\Surge Arresters_0170.jpg,Surge Arresters
thermal_vision_workspace\cleaned\Surge Arresters\Surge Arresters_0171.jpg,Surge Arresters
thermal_vision_workspace\cleaned\Surge Arresters\Surge Arresters_0172.jpg,Surge Arresters
thermal_vision_workspace\cleaned\Surge Arresters\Surge Arresters_0173.jpg,Surge Arresters
thermal_vision_workspace\cleaned\Surge Arresters\Surge Arresters_0174.jpg,Surge Arresters
thermal_vision_workspace\cleaned\Surge Arresters\Surge Arresters_0175.jpg,Surge Arresters
thermal_vision_workspace\cleaned\Surge Arresters\Surge Arresters_0176.jpg,Surge Arresters
thermal_vision_workspace\cleaned\Surge Arresters\Surge Arresters_0177.jpg,Surge Arresters
thermal_vision_workspace\cleaned\Surge Arresters\Surge Arresters_0178.jpg,Surge Arresters
thermal_vision_workspace\cleaned\Surge Arresters\Surge Arresters_0179.jpg,Surge Arresters
thermal_vision_workspace\cleaned\Surge Arresters\Surge Arresters_0180.jpg,Surge Arresters
thermal_vision_workspace\cleaned\Wave Traps\Wave Traps_0000.jpg,Wave Traps
thermal_vision_workspace\cleaned\Wave Traps\Wave Traps_0001.jpg,Wave Traps
thermal_vision_workspace\cleaned\Wave Traps\Wave Traps_0002.jpg,Wave Traps
thermal_vision_workspace\cleaned\Wave Traps\Wave Traps_0003.jpg,Wave Traps
thermal_vision_workspace\cleaned\Wave Traps\Wave Traps_0004.jpg,Wave Traps
thermal_vision_workspace\cleaned\Wave Traps\Wave Traps_0005.jpg,Wave Traps
thermal_vision_workspace\cleaned\Wave Traps\Wave Traps_0006.jpg,Wave Traps
thermal_vision_workspace\cleaned\Wave Traps\Wave Traps_0007.jpg,Wave Traps
thermal_vision_workspace\cleaned\Wave Traps\Wave Traps_0008.jpg,Wave Traps
thermal_vision_workspace\cleaned\Wave Traps\Wave Traps_0009.jpg,Wave Traps
thermal_vision_workspace\cleaned\Wave Traps\Wave Traps_0010.jpg,Wave Traps
thermal_vision_workspace\cleaned\Wave Traps\Wave Traps_0011.jpg,Wave Traps
thermal_vision_workspace\cleaned\Wave Traps\Wave Traps_0012.jpg,Wave Traps
thermal_vision_workspace\cleaned\Wave Traps\Wave Traps_0013.jpg,Wave Traps
thermal_vision_workspace\cleaned\Wave Traps\Wave Traps_0014.jpg,Wave Traps
thermal_vision_workspace\cleaned\Wave Traps\Wave Traps_0015.jpg,Wave Traps
thermal_vision_workspace\cleaned\Wave Traps\Wave Traps_0016.jpg,Wave Traps
thermal_vision_workspace\cleaned\Wave Traps\Wave Traps_0017.jpg,Wave Traps
thermal_vision_workspace\cleaned\Wave Traps\Wave Traps_0018.jpg,Wave Traps
thermal_vision_workspace\cleaned\Wave Traps\Wave Traps_0019.jpg,Wave Traps
thermal_vision_workspace\cleaned\Wave Traps\Wave Traps_0020.jpg,Wave Traps
thermal_vision_workspace\cleaned\Wave Traps\Wave Traps_0021.jpg,Wave Traps
thermal_vision_workspace\cleaned\Wave Traps\Wave Traps_0022.jpg,Wave Traps
thermal_vision_workspace\cleaned\Wave Traps\Wave Traps_0023.jpg,Wave Traps
thermal_vision_workspace\cleaned\Wave Traps\Wave Traps_0024.jpg,Wave Traps
thermal_vision_workspace\cleaned\Wave Traps\Wave Traps_0025.jpg,Wave Traps
thermal_vision_workspace\cleaned\Wave Traps\Wave Traps_0026.jpg,Wave Traps
thermal_vision_workspace\cleaned\Wave Traps\Wave Traps_0027.jpg,Wave Traps
thermal_vision_workspace\cleaned\Wave Traps\Wave Traps_0028.jpg,Wave Traps
thermal_vision_workspace\cleaned\Wave Traps\Wave Traps_0029.jpg,Wave Traps
thermal_vision_workspace\cleaned\Wave Traps\Wave Traps_0030.jpg,Wave Traps
thermal_vision_workspace\cleaned\Wave Traps\Wave Traps_0031.jpg,Wave Traps
thermal_vision_workspace\cleaned\Wave Traps\Wave Traps_0032.jpg,Wave Traps
thermal_vision_workspace\cleaned\Wave Traps\Wave Traps_0033.jpg,Wave Traps
thermal_vision_workspace\cleaned\Wave Traps\Wave Traps_0034.jpg,Wave Traps
thermal_vision_workspace\cleaned\Wave Traps\Wave Traps_0035.jpg,Wave Traps
thermal_vision_workspace\cleaned\Wave Traps\Wave Traps_0036.jpg,Wave Traps
thermal_vision_workspace\cleaned\Wave Traps\Wave Traps_0037.jpg,Wave Traps
thermal_vision_workspace\cleaned\Wave Traps\Wave Traps_0038.jpg,Wave Traps
thermal_vision_workspace\cleaned\Wave Traps\Wave Traps_0039.jpg,Wave Traps
thermal_vision_workspace\cleaned\Wave Traps\Wave Traps_0040.jpg,Wave Traps
thermal_vision_workspace\cleaned\Wave Traps\Wave Traps_0041.jpg,Wave Traps
thermal_vision_workspace\cleaned\Wave Traps\Wave Traps_0042.jpg,Wave Traps
thermal_vision_workspace\cleaned\Wave Traps\Wave Traps_0043.jpg,Wave Traps
thermal_vision_workspace\cleaned\Wave Traps\Wave Traps_0044.jpg,Wave Traps
thermal_vision_workspace\cleaned\Wave Traps\Wave Traps_0045.jpg,Wave Traps
thermal_vision_workspace\cleaned\Wave Traps\Wave Traps_0046.jpg,Wave Traps
thermal_vision_workspace\cleaned\Wave Traps\Wave Traps_0047.jpg,Wave Traps
thermal_vision_workspace\cleaned\Wave Traps\Wave Traps_0048.jpg,Wave Traps
thermal_vision_workspace\cleaned\Wave Traps\Wave Traps_0049.jpg,Wave Traps
thermal_vision_workspace\cleaned\Wave Traps\Wave Traps_0050.jpg,Wave Traps
thermal_vision_workspace\cleaned\Wave Traps\Wave Traps_0051.jpg,Wave Traps
thermal_vision_workspace\cleaned\Wave Traps\Wave Traps_0052.jpg,Wave Traps
thermal_vision_workspace\cleaned\Wave Traps\Wave Traps_0053.jpg,Wave Traps
thermal_vision_workspace\cleaned\Wave Traps\Wave Traps_0054.jpg,Wave Traps
thermal_vision_workspace\cleaned\Wave Traps\Wave Traps_0055.jpg,Wave Traps
thermal_vision_workspace\cleaned\Wave Traps\Wave Traps_0056.jpg,Wave Traps
thermal_vision_workspace\cleaned\Wave Traps\Wave Traps_0057.jpg,Wave Traps
thermal_vision_workspace\cleaned\Wave Traps\Wave Traps_0058.jpg,Wave Traps
thermal_vision_workspace\cleaned\Wave Traps\Wave Traps_0059.jpg,Wave Traps
thermal_vision_workspace\cleaned\Wave Traps\Wave Traps_0060.jpg,Wave Traps
thermal_vision_workspace\cleaned\Wave Traps\Wave Traps_0061.jpg,Wave Traps
thermal_vision_workspace\cleaned\Wave Traps\Wave Traps_0062.jpg,Wave Traps
thermal_vision_workspace\cleaned\Wave Traps\Wave Traps_0063.jpg,Wave Traps
thermal_vision_workspace\cleaned\Wave Traps\Wave Traps_0064.jpg,Wave Traps
thermal_vision_workspace\cleaned\Wave Traps\Wave Traps_0065.jpg,Wave Traps
thermal_vision_workspace\cleaned\Wave Traps\Wave Traps_0066.jpg,Wave Traps
thermal_vision_workspace\cleaned\Wave Traps\Wave Traps_0067.jpg,Wave Traps
thermal_vision_workspace\cleaned\Wave Traps\Wave Traps_0068.jpg,Wave Traps
thermal_vision_workspace\cleaned\Wave Traps\Wave Traps_0069.jpg,Wave Traps
thermal_vision_workspace\cleaned\Wave Traps\Wave Traps_0070.jpg,Wave Traps
thermal_vision_workspace\cleaned\Wave Traps\Wave Traps_0071.jpg,Wave Traps
thermal_vision_workspace\cleaned\Wave Traps\Wave Traps_0072.jpg,Wave Traps
thermal_vision_workspace\cleaned\Wave Traps\Wave Traps_0073.jpg,Wave Traps
thermal_vision_workspace\cleaned\Wave Traps\Wave Traps_0074.jpg,Wave Traps
thermal_vision_workspace\cleaned\Wave Traps\Wave Traps_0075.jpg,Wave Traps
thermal_vision_workspace\cleaned\Wave Traps\Wave Traps_0076.jpg,Wave Traps
thermal_vision_workspace\cleaned\Wave Traps\Wave Traps_0077.jpg,Wave Traps
thermal_vision_workspace\cleaned\Wave Traps\Wave Traps_0078.jpg,Wave Traps
thermal_vision_workspace\cleaned\Wave Traps\Wave Traps_0079.jpg,Wave Traps
thermal_vision_workspace\cleaned\Wave Traps\Wave Traps_0080.jpg,Wave Traps
thermal_vision_workspace\cleaned\Wave Traps\Wave Traps_0081.jpg,Wave Traps
thermal_vision_workspace\cleaned\Wave Traps\Wave Traps_0082.jpg,Wave Traps
thermal_vision_workspace\cleaned\Wave Traps\Wave Traps_0083.jpg,Wave Traps
thermal_vision_workspace\cleaned\Wave Traps\Wave Traps_0084.jpg,Wave Traps
thermal_vision_workspace\cleaned\Wave Traps\Wave Traps_0085.jpg,Wave Traps
thermal_vision_workspace\cleaned\Wave Traps\Wave Traps_0086.jpg,Wave Traps
thermal_vision_workspace\cleaned\Wave Traps\Wave Traps_0087.jpg,Wave Traps
thermal_vision_workspace\cleaned\Wave Traps\Wave Traps_0088.jpg,Wave Traps
thermal_vision_workspace\cleaned\Wave Traps\Wave Traps_0089.jpg,Wave Traps
thermal_vision_workspace\cleaned\Wave Traps\Wave Traps_0090.jpg,Wave Traps
thermal_vision_workspace\cleaned\Wave Traps\Wave Traps_0091.jpg,Wave Traps
thermal_vision_workspace\cleaned\Wave Traps\Wave Traps_0092.jpg,Wave Traps
thermal_vision_workspace\cleaned\Wave Traps\Wave Traps_0093.jpg,Wave Traps
thermal_vision_workspace\cleaned\Wave Traps\Wave Traps_0094.jpg,Wave Traps
thermal_vision_workspace\cleaned\Wave Traps\Wave Traps_0095.jpg,Wave Traps
thermal_vision_workspace\cleaned\Wave Traps\Wave Traps_0096.jpg,Wave Traps
thermal_vision_workspace\cleaned\Wave Traps\Wave Traps_0097.jpg,Wave Traps
thermal_vision_workspace\cleaned\Wave Traps\Wave Traps_0098.jpg,Wave Traps
thermal_vision_workspace\cleaned\Wave Traps\Wave Traps_0099.jpg,Wave Traps
thermal_vision_workspace\cleaned\Wave Traps\Wave Traps_0100.jpg,Wave Traps
thermal_vision_workspace\cleaned\Wave Traps\Wave Traps_0101.jpg,Wave Traps
thermal_vision_workspace\cleaned\Wave Traps\Wave Traps_0102.jpg,Wave Traps
thermal_vision_workspace\cleaned\Wave Traps\Wave Traps_0103.jpg,Wave Traps
thermal_vision_workspace\cleaned\Wave Traps\Wave Traps_0104.jpg,Wave Traps
thermal_vision_workspace\cleaned\Wave Traps\Wave Traps_0105.jpg,Wave Traps
thermal_vision_workspace\cleaned\Wave Traps\Wave Traps_0106.jpg,Wave Traps
thermal_vision_workspace\cleaned\Wave Traps\Wave Traps_0107.jpg,Wave Traps
thermal_vision_workspace\cleaned\Wave Traps\Wave Traps_0108.jpg,Wave Traps
thermal_vision_workspace\cleaned\Wave Traps\Wave Traps_0109.jpg,Wave Traps
thermal_vision_workspace\cleaned\Wave Traps\Wave Traps_0110.jpg,Wave Traps
thermal_vision_workspace\cleaned\Wave Traps\Wave Traps_0111.jpg,Wave Traps
thermal_vision_workspace\cleaned\Wave Traps\Wave Traps_0112.jpg,Wave Traps
thermal_vision_workspace\cleaned\Wave Traps\Wave Traps_0113.jpg,Wave Traps
thermal_vision_workspace\cleaned\Wave Traps\Wave Traps_0114.jpg,Wave Traps
thermal_vision_workspace\cleaned\Wave Traps\Wave Traps_0115.jpg,Wave Traps
thermal_vision_workspace\cleaned\Wave Traps\Wave Traps_0116.jpg,Wave Traps
thermal_vision_workspace\cleaned\Wave Traps\Wave Traps_0117.jpg,Wave Traps
thermal_vision_workspace\cleaned\Wave Traps\Wave Traps_0118.jpg,Wave Traps
thermal_vision_workspace\cleaned\Wave Traps\Wave Traps_0119.jpg,Wave Traps
thermal_vision_workspace\cleaned\Wave Traps\Wave Traps_0120.jpg,Wave Traps
thermal_vision_workspace\cleaned\Wave Traps\Wave Traps_0121.jpg,Wave Traps
thermal_vision_workspace\cleaned\Wave Traps\Wave Traps_0122.jpg,Wave Traps
thermal_vision_workspace\cleaned\Wave Traps\Wave Traps_0123.jpg,Wave Traps
thermal_vision_workspace\cleaned\Wave Traps\Wave Traps_0124.jpg,Wave Traps
thermal_vision_workspace\cleaned\Wave Traps\Wave Traps_0125.jpg,Wave Traps
thermal_vision_workspace\cleaned\Wave Traps\Wave Traps_0126.jpg,Wave Traps
thermal_vision_workspace\cleaned\Wave Traps\Wave Traps_0127.jpg,Wave Traps
thermal_vision_workspace\cleaned\Wave Traps\Wave Traps_0128.jpg,Wave Traps
thermal_vision_workspace\cleaned\Wave Traps\Wave Traps_0129.jpg,Wave Traps
thermal_vision_workspace\cleaned\Wave Traps\Wave Traps_0130.jpg,Wave Traps
thermal_vision_workspace\cleaned\Wave Traps\Wave Traps_0131.jpg,Wave Traps
thermal_vision_workspace\cleaned\Wave Traps\Wave Traps_0132.jpg,Wave Traps
thermal_vision_workspace\cleaned\Wave Traps\Wave Traps_0133.jpg,Wave Traps
thermal_vision_workspace\cleaned\Wave Traps\Wave Traps_0134.jpg,Wave Traps
thermal_vision_workspace\cleaned\Wave Traps\Wave Traps_0135.jpg,Wave Traps
thermal_vision_workspace\cleaned\Wave Traps\Wave Traps_0136.jpg,Wave Traps
thermal_vision_workspace\cleaned\Wave Traps\Wave Traps_0137.jpg,Wave Traps
thermal_vision_workspace\cleaned\Wave Traps\Wave Traps_0138.jpg,Wave Traps
thermal_vision_workspace\cleaned\Wave Traps\Wave Traps_0139.jpg,Wave Traps
thermal_vision_workspace\cleaned\Wave Traps\Wave Traps_0140.jpg,Wave Traps
thermal_vision_workspace\cleaned\Wave Traps\Wave Traps_0141.jpg,Wave Traps
thermal_vision_workspace\cleaned\Wave Traps\Wave Traps_0142.jpg,Wave Traps
thermal_vision_workspace\cleaned\Wave Traps\Wave Traps_0143.jpg,Wave Traps
thermal_vision_workspace\cleaned\Wave Traps\Wave Traps_0144.jpg,Wave Traps
thermal_vision_workspace\cleaned\Wave Traps\Wave Traps_0145.jpg,Wave Traps
thermal_vision_workspace\cleaned\Wave Traps\Wave Traps_0146.jpg,Wave Traps
thermal_vision_workspace\cleaned\Wave Traps\Wave Traps_0147.jpg,Wave Traps
thermal_vision_workspace\cleaned\Wave Traps\Wave Traps_0148.jpg,Wave Traps
thermal_vision_workspace\cleaned\Wave Traps\Wave Traps_0149.jpg,Wave Traps
thermal_vision_workspace\cleaned\Wave Traps\Wave Traps_0150.jpg,Wave Traps
thermal_vision_workspace\cleaned\Wave Traps\Wave Traps_0151.jpg,Wave Traps
thermal_vision_workspace\cleaned\Wave Traps\Wave Traps_0152.jpg,Wave Traps

